"Subfolder","RelativePath","Url","Sha256","Size"
"Images","httpcloud3steamusercontentcomugc770601009105801820B88C8754F5C25EE7F4E55A5F02F3913138D4DAC9.png","https://raw.githubusercontent.com/PeacockGoblin/TTS-Mod-Files/origin/Images/httpcloud3steamusercontentcomugc770601009105801820B88C8754F5C25EE7F4E55A5F02F3913138D4DAC9.png","7D3D8E0D0FAD6C061C4EF90467B3EAA2730B9C74B40AE428B47756ADE2577F35","115535"
"Images","httpcloud3steamusercontentcomugc817877202145486330EF12254437A866F5F0F8A557CE71EE749DBDF69F.jpg","https://raw.githubusercontent.com/PeacockGoblin/TTS-Mod-Files/origin/Images/httpcloud3steamusercontentcomugc817877202145486330EF12254437A866F5F0F8A557CE71EE749DBDF69F.jpg","881F1E6EA0744B281C703700E02DD6EF2773EFA6AA8DD51DD436C6463789B5E3","254010"
"Images","httpcloud3steamusercontentcomugc817877202145497740128039221CC1EE27737B961C83DC62D52EC307AB.png","https://raw.githubusercontent.com/PeacockGoblin/TTS-Mod-Files/origin/Images/httpcloud3steamusercontentcomugc817877202145497740128039221CC1EE27737B961C83DC62D52EC307AB.png","A108275C3BB542DDC78054F236E0D87A7F5D95A79409FFA3257B8A56C0EA8C43","57746"
"Images","httpcloud3steamusercontentcomugc81787720214553046017089C17BC91BFE8296A76BA68BD5BA629367622.png","https://raw.githubusercontent.com/PeacockGoblin/TTS-Mod-Files/origin/Images/httpcloud3steamusercontentcomugc81787720214553046017089C17BC91BFE8296A76BA68BD5BA629367622.png","EA0D76E91A7E5BBFD0E8BB5DAB89000422D3ADA932B16192254BDEADFED11E26","211089"
"Images","httpiimgurcom0EKi35vjpg.jpg","https://raw.githubusercontent.com/PeacockGoblin/TTS-Mod-Files/origin/Images/httpiimgurcom0EKi35vjpg.jpg","417360FF9CD5452B81B351CF5760455ABFEBD5B4DF66F887A9C87AACC56A2C43","529318"
"Images","httpiimgurcom1mihD7ujpg.jpg","https://raw.githubusercontent.com/PeacockGoblin/TTS-Mod-Files/origin/Images/httpiimgurcom1mihD7ujpg.jpg","7B3A987DD794EDD093C3F72528BC41945ECC6476882DA6D9182346458037AC8E","774036"
"Images","httpiimgurcom1o4E7Pijpg.jpg","https://raw.githubusercontent.com/PeacockGoblin/TTS-Mod-Files/origin/Images/httpiimgurcom1o4E7Pijpg.jpg","53F6347AD34AE3191A508DCF66099D2DAC8AF4971EE6C0B68EE417EC2032F911","334189"
"Images","httpiimgurcom41H7s59jpg.jpg","https://raw.githubusercontent.com/PeacockGoblin/TTS-Mod-Files/origin/Images/httpiimgurcom41H7s59jpg.jpg","DC6B778557B03D6692ACBFC4C055F3C2D6FCEC614C7564CCDC91D02313CAAF36","637108"
"Images","httpiimgurcom5pimBiFjpg.jpg","https://raw.githubusercontent.com/PeacockGoblin/TTS-Mod-Files/origin/Images/httpiimgurcom5pimBiFjpg.jpg","B20E6BB3CF70A4D74506E81A922E0455167B604ED406B438F16524F74B00D02F","573723"
"Images","httpiimgurcom6PsPzGKjpg.jpg","https://raw.githubusercontent.com/PeacockGoblin/TTS-Mod-Files/origin/Images/httpiimgurcom6PsPzGKjpg.jpg","12425431062B6687EA4079EB75CA57CA226F42E280F2A934623957BB0B2906CD","843654"
"Images","httpiimgurcom7lna8xjjpg.jpg","https://raw.githubusercontent.com/PeacockGoblin/TTS-Mod-Files/origin/Images/httpiimgurcom7lna8xjjpg.jpg","52F621B5E0E689974533B3551F91CBE79A6985561B9BCDF5E495FE27C277CF8D","699104"
"Images","httpiimgurcom9GUnd0Qjpg.jpg","https://raw.githubusercontent.com/PeacockGoblin/TTS-Mod-Files/origin/Images/httpiimgurcom9GUnd0Qjpg.jpg","447CBCAFB70483C5B47E75321FCADCECA9DA6205F97885E839D3B801874A8EFD","877058"
"Images","httpiimgurcoma4O6ZDhjpg.jpg","https://raw.githubusercontent.com/PeacockGoblin/TTS-Mod-Files/origin/Images/httpiimgurcoma4O6ZDhjpg.jpg","F7E907300CDFEC6144923856B193629CBB603F495D7A15EDFA6C00369F415271","970554"
"Images","httpiimgurcomcAlkQtZjpg.jpg","https://raw.githubusercontent.com/PeacockGoblin/TTS-Mod-Files/origin/Images/httpiimgurcomcAlkQtZjpg.jpg","84478A837F697DF12842E2FF816B2A89E0FB7730C42572E1D7AF50112F2A2A2C","762699"
"Images","httpiimgurcomdEnVBKMjpg.jpg","https://raw.githubusercontent.com/PeacockGoblin/TTS-Mod-Files/origin/Images/httpiimgurcomdEnVBKMjpg.jpg","1A805C359DED35A87252F410F6B247062286F5787DEF08EBC3E868191C948618","615980"
"Images","httpiimgurcomDg9Uxyejpg.jpg","https://raw.githubusercontent.com/PeacockGoblin/TTS-Mod-Files/origin/Images/httpiimgurcomDg9Uxyejpg.jpg","92C9EF2678B8B8B8B96D46283AD1BA27E5678D458CA2D313EC8306BFBEB7F744","796910"
"Images","httpiimgurcomFNKxYQwjpg.jpg","https://raw.githubusercontent.com/PeacockGoblin/TTS-Mod-Files/origin/Images/httpiimgurcomFNKxYQwjpg.jpg","92F07E1767E797084A24357A8B9344CB893EF0EDCDADEF68A7E7360BD8EC54FA","539485"
"Images","httpiimgurcomI52q1btjpg.jpg","https://raw.githubusercontent.com/PeacockGoblin/TTS-Mod-Files/origin/Images/httpiimgurcomI52q1btjpg.jpg","A78B981A0FA0D754A494CBB3034437C604C1DF27A7EE7A27491A36C1B81E5254","500391"
"Images","httpiimgurcomiGElllGjpg.jpg","https://raw.githubusercontent.com/PeacockGoblin/TTS-Mod-Files/origin/Images/httpiimgurcomiGElllGjpg.jpg","FF18E96217F09AFAC5A1DB5128608E1ABB7E6A5A5139B04B887FB35AB3DEA226","805233"
"Images","httpiimgurcomiHo1Um2jpg.jpg","https://raw.githubusercontent.com/PeacockGoblin/TTS-Mod-Files/origin/Images/httpiimgurcomiHo1Um2jpg.jpg","58A7BC993645AFA9B6E048B4760A3B9F00858895BAB04D3AC1CA56F213183A2E","842998"
"Images","httpiimgurcomKlplQ4tjpg.jpg","https://raw.githubusercontent.com/PeacockGoblin/TTS-Mod-Files/origin/Images/httpiimgurcomKlplQ4tjpg.jpg","3DD647150BE8D04CF0CD6B796369C8268913194558260589123CE54D4D8FE287","269617"
"Images","httpiimgurcomLWDwOmfjpg.jpg","https://raw.githubusercontent.com/PeacockGoblin/TTS-Mod-Files/origin/Images/httpiimgurcomLWDwOmfjpg.jpg","98E024EE511A2E7C3731600B6D8FB3E61F109D2DD84C5BB80E6D4E829861C147","1092232"
"Images","httpiimgurcommilS65gjpg.jpg","https://raw.githubusercontent.com/PeacockGoblin/TTS-Mod-Files/origin/Images/httpiimgurcommilS65gjpg.jpg","50B3322CA89D8772CD425870F760C8C32E267DD4F314E44B0C568910E7DF6D4E","854755"
"Images","httpiimgurcomMy9LGR9jpg.jpg","https://raw.githubusercontent.com/PeacockGoblin/TTS-Mod-Files/origin/Images/httpiimgurcomMy9LGR9jpg.jpg","BB9A5C5D97E93EA36478F8CDA9BAD2D1BBB2C4B351CF762564B99DB90B4791E2","1366638"
"Images","httpiimgurcomMZRdJvajpg.jpg","https://raw.githubusercontent.com/PeacockGoblin/TTS-Mod-Files/origin/Images/httpiimgurcomMZRdJvajpg.jpg","9D1F5BBAB27ED1286EDD5F324463EBE28A2F3D8CD08D9FC32E81E3CF2D40C09C","675024"
"Images","httpiimgurcomOJTB4oTjpg.jpg","https://raw.githubusercontent.com/PeacockGoblin/TTS-Mod-Files/origin/Images/httpiimgurcomOJTB4oTjpg.jpg","A47F4E952A9C6ED154B9BB142BFEEB2BDE5A2064DAAAE29504D677510FC70371","855982"
"Images","httpiimgurcomomUBBGtjpg.jpg","https://raw.githubusercontent.com/PeacockGoblin/TTS-Mod-Files/origin/Images/httpiimgurcomomUBBGtjpg.jpg","1D5274147CE8097734D3D704311C739128A48557065F876DE528EE88E9F6EAC0","28015"
"Images","httpiimgurcompHSXQ7ujpg.jpg","https://raw.githubusercontent.com/PeacockGoblin/TTS-Mod-Files/origin/Images/httpiimgurcompHSXQ7ujpg.jpg","52477BE0DC7C7A33AD876E4DBFFCF1F22F2BB981785D6068AB7F9A67668B40AA","661448"
"Images","httpiimgurcomQ5f64g2jpg.jpg","https://raw.githubusercontent.com/PeacockGoblin/TTS-Mod-Files/origin/Images/httpiimgurcomQ5f64g2jpg.jpg","44976407B678E416F130B086FE0E6050F85A6000A259D8EB7EC0B39719068572","29636"
"Images","httpiimgurcomRgU5gdSjpg.jpg","https://raw.githubusercontent.com/PeacockGoblin/TTS-Mod-Files/origin/Images/httpiimgurcomRgU5gdSjpg.jpg","1D8833E42071524ADFEDBBB4FD80596D081F25DFAAFD205C86955FA4A66D852F","190750"
"Images","httpiimgurcomRtLuYjgjpg.jpg","https://raw.githubusercontent.com/PeacockGoblin/TTS-Mod-Files/origin/Images/httpiimgurcomRtLuYjgjpg.jpg","60AA556178EBB301D0B2F7A489CB252F2362F7A188AC7C5B1D5B3CF6F1E04952","939592"
"Images","httpiimgurcomTSqSfqPjpg.jpg","https://raw.githubusercontent.com/PeacockGoblin/TTS-Mod-Files/origin/Images/httpiimgurcomTSqSfqPjpg.jpg","952CB844077507A3F2994A429E54D8C2018CEC20F4D0F9913FD43D75DD6F135A","853093"
"Images","httpiimgurcomu77IvlDjpg.jpg","https://raw.githubusercontent.com/PeacockGoblin/TTS-Mod-Files/origin/Images/httpiimgurcomu77IvlDjpg.jpg","496EAC3C6C4A0D32312FE7ACF747852D999CC027260C4DEE730A3B862E7A615D","634033"
"Images","httpiimgurcomUzBrNWWjpg.jpg","https://raw.githubusercontent.com/PeacockGoblin/TTS-Mod-Files/origin/Images/httpiimgurcomUzBrNWWjpg.jpg","AD2BB191BD0D7855C6C5B4078D3E890EB5580997DD038EE1261A3F43C6523C44","361253"
"Images","httpiimgurcomXHdvMH7jpg.jpg","https://raw.githubusercontent.com/PeacockGoblin/TTS-Mod-Files/origin/Images/httpiimgurcomXHdvMH7jpg.jpg","E57C70D814A08BD62E5B3F019C6E45D439EBA89285E3468E9C765DF60C5CBB7D","813105"
"Images","httpiimgurcomXXYoeLWjpg.jpg","https://raw.githubusercontent.com/PeacockGoblin/TTS-Mod-Files/origin/Images/httpiimgurcomXXYoeLWjpg.jpg","DADC657D8C17E1A28A8D98E45CA4A02023268231C869B0CA7048D07A629D0981","1021361"
"Images","httpiimgurcomY0OLyHKjpg.jpg","https://raw.githubusercontent.com/PeacockGoblin/TTS-Mod-Files/origin/Images/httpiimgurcomY0OLyHKjpg.jpg","577154C7A51EB2A37D1196C53B2643ED5C8B05B801381F7C9EB78E54BD2368FD","1095821"
"Images","httpiimgurcomyF4kDVbjpg.jpg","https://raw.githubusercontent.com/PeacockGoblin/TTS-Mod-Files/origin/Images/httpiimgurcomyF4kDVbjpg.jpg","494F2A117B5EBAC67DDA85A36FD84C14D9DE76FCA590ED3FA9354F1F12712F89","992761"
"Images","httpiimgurcomYKes7nKjpg.jpg","https://raw.githubusercontent.com/PeacockGoblin/TTS-Mod-Files/origin/Images/httpiimgurcomYKes7nKjpg.jpg","AFA63CB85146035960B3EC0EEA188282C18F77D88F938D1AB4C6BAEBFCC8C0F9","343506"
"Images","httpiimgurcomYUQjK1Ejpg.jpg","https://raw.githubusercontent.com/PeacockGoblin/TTS-Mod-Files/origin/Images/httpiimgurcomYUQjK1Ejpg.jpg","73C5134BC6557B2E99D89CC366A1FC0C33A3F976C473CE2BF96F67CB0DA93A25","254947"
"Images","httpsiimgurcomeFyE5uUpng.png","https://raw.githubusercontent.com/PeacockGoblin/TTS-Mod-Files/origin/Images/httpsiimgurcomeFyE5uUpng.png","D347C266768A817CB833A6F6E9C22EA1E286CB7C2F37D53808F2CCB9DD94FA82","69337"
"Images","httpsiimgurcomJKoukF3png.png","https://raw.githubusercontent.com/PeacockGoblin/TTS-Mod-Files/origin/Images/httpsiimgurcomJKoukF3png.png","837AED084D2F6062CB0F3569BB79F3827E17B4564D18E647E522C7410FE3BED1","149856"
"Images","httpssteamusercontentaakamaihdnetugc37822381762873102D35544D0D536F469BE7AB3285135C6B7A8F72F35.png","https://raw.githubusercontent.com/PeacockGoblin/TTS-Mod-Files/origin/Images/httpssteamusercontentaakamaihdnetugc37822381762873102D35544D0D536F469BE7AB3285135C6B7A8F72F35.png","0BDDF71F5CB68A9E75CC882195B6ED021F3D644762509CD0254C6BA1CD40E798","363485"
"Images","httpucubeuploadcomHCBnorthff4PAXandOfficialcustomjpg.jpg","https://raw.githubusercontent.com/PeacockGoblin/TTS-Mod-Files/origin/Images/httpucubeuploadcomHCBnorthff4PAXandOfficialcustomjpg.jpg","A186B7135ED6FE966BBCD8D60C2CEB93856FC15A5DE6160C30DE17EF90DDEBD1","4305322"
"Images","httpucubeuploadcomHCBnorthhttpiimgurcomc7Nmokrjpg.jpg","https://raw.githubusercontent.com/PeacockGoblin/TTS-Mod-Files/origin/Images/httpucubeuploadcomHCBnorthhttpiimgurcomc7Nmokrjpg.jpg","E5C37F9FB33C89778489EDC9524FBA4F12A20CF51ABFDE5822FC998F6E48D46D","63275"
"Images","httpucubeuploadcomHCBnorthPAXOfficialCustomCarjpg.jpg","https://raw.githubusercontent.com/PeacockGoblin/TTS-Mod-Files/origin/Images/httpucubeuploadcomHCBnorthPAXOfficialCustomCarjpg.jpg","9F20F51BDC1ABBBBA29BBA84C37125EE5161B90153E878C03AADDFE8E4348041","1861979"
"Workshop","3551636229.json","https://raw.githubusercontent.com/PeacockGoblin/TTS-Mod-Files/origin/Workshop/3551636229.json","BD386459A6BF746D0E49B1D563C19AEAE4DFB1B0D1561446D3A9110A0CCEE389","15296"
"Workshop","3551636229.png","https://raw.githubusercontent.com/PeacockGoblin/TTS-Mod-Files/origin/Workshop/3551636229.png","DBBFABD2FDDFC0E365E95C4DB00465A24FC7BE26E68C1A2819E4138A89E18EE3","114983"
"Workshop","356805139.json","https://raw.githubusercontent.com/PeacockGoblin/TTS-Mod-Files/origin/Workshop/356805139.json","A3C6D38B1C27E323C801C661813DA47C5EA2BD254F2F9987BE949876C9D137D5","33563"
"Workshop","356805139.png","https://raw.githubusercontent.com/PeacockGoblin/TTS-Mod-Files/origin/Workshop/356805139.png","389BDFE0163E94119C82AA19A4F9607D31F8CD7F238D31C1BFF6A37041D95A24","15324"
"Workshop","589767603.json","https://raw.githubusercontent.com/PeacockGoblin/TTS-Mod-Files/origin/Workshop/589767603.json","D61B97CE2C949A7216654F003614BE5DDA7828A0D0A6D23786EC65B6E264ED2F","301691"
"Workshop","589767603.png","https://raw.githubusercontent.com/PeacockGoblin/TTS-Mod-Files/origin/Workshop/589767603.png","2179C660313D1C0AB6D48F6ECC445040E42FB6946219440FFE502E54E57EDD5D","148677"
"Workshop","672103781.json","https://raw.githubusercontent.com/PeacockGoblin/TTS-Mod-Files/origin/Workshop/672103781.json","4AE6F390DFECC7E5D17D1A71EA3C592F621C5A6808ECD3F86FE00CF1F0C6534F","411728"
"Workshop","672103781.png","https://raw.githubusercontent.com/PeacockGoblin/TTS-Mod-Files/origin/Workshop/672103781.png","2179C660313D1C0AB6D48F6ECC445040E42FB6946219440FFE502E54E57EDD5D","148677"
"Workshop","860913280.json","https://raw.githubusercontent.com/PeacockGoblin/TTS-Mod-Files/origin/Workshop/860913280.json","35DA766617A4D25A290BBE960E61E363873489E1EEB9AC55AA8B20E61DE498E4","2118673"
"Workshop","860913280.png","https://raw.githubusercontent.com/PeacockGoblin/TTS-Mod-Files/origin/Workshop/860913280.png","590F0521AB77DD00452EB54315D793009564A5D9742A8CB6ED970A0F5C2CABFB","171916"
"Workshop","890238486.json","https://raw.githubusercontent.com/PeacockGoblin/TTS-Mod-Files/origin/Workshop/890238486.json","0D2FCBC698507E7A3B1671A7435094AEE62FAB583B02E281D7C98B6D78D1A850","4813076"
"Workshop","890238486.png","https://raw.githubusercontent.com/PeacockGoblin/TTS-Mod-Files/origin/Workshop/890238486.png","9276D013F7A6C84BD315F902F9D6D1725BC00D988E25E3995D8FE99FC46AB6D7","184740"
"Workshop","WorkshopFileInfos.json","https://raw.githubusercontent.com/PeacockGoblin/TTS-Mod-Files/origin/Workshop/WorkshopFileInfos.json","1C65C3FD0205AF15CA497D9FE0B12AF0EE649831A9F614349FCC9F5E26090FCC","1303"
